Risk Measure,Daily Loss (%)
Historical VaR,-2.9549044142445897
Parametric VaR,-2.864679076989364
Monte Carlo VaR,-2.8621872043958945
Expected Shortfall,-4.146568051339337
